date,open,high,low,close,volume,amount,outstanding_share,turnover
2023-01-03,5.55,5.72,5.55,5.71,38035296.0,215417721.0,2269729539.0,0.016757633606318413
2023-01-04,5.7,5.73,5.66,5.72,29701879.0,169288147.0,2269729539.0,0.013086087346374356
2023-01-05,5.75,5.75,5.68,5.7,23872979.0,135973853.0,2269729539.0,0.010517984010781295
2023-01-06,5.69,5.71,5.6,5.63,24575481.0,138619114.0,2269729539.0,0.010827493134194082
2023-01-09,5.66,5.7,5.61,5.63,18989348.0,107354256.0,2269729539.0,0.008366348357243633
2023-01-10,5.65,5.68,5.56,5.66,17766403.0,100243820.0,2269729539.0,0.007827541869956692
2023-01-11,5.67,5.68,5.54,5.57,16583206.0,92979461.0,2269729539.0,0.007306247601335906
2023-01-12,5.6,5.63,5.53,5.6,15734641.0,87862004.0,2269729539.0,0.0069323858766592895
2023-01-13,5.6,5.61,5.52,5.59,14671858.0,81623035.0,2269729539.0,0.006464143743956447
2023-01-16,5.6,5.7,5.59,5.64,22520642.0,127687599.0,2269729539.0,0.00992216985021139
2023-01-17,5.66,5.66,5.6,5.63,17029298.0,95860417.0,2269729539.0,0.007502787317780068
2023-01-18,5.62,5.73,5.62,5.69,20520344.0,116791375.0,2269729539.0,0.009040876301517791
2023-01-19,5.71,5.75,5.68,5.73,25021715.0,143238271.0,2269729539.0,0.011024095413158387
2023-01-20,5.73,5.8,5.7,5.72,27852681.0,159820670.0,2269729539.0,0.012271365606085105
2023-01-30,5.78,5.87,5.75,5.76,36618377.0,212268572.0,2269729539.0,0.016133365835355594
2023-01-31,5.75,5.82,5.72,5.79,24352603.0,140596538.0,2269729539.0,0.010729297293601465
2023-02-01,5.85,6.03,5.77,5.97,51689323.0,305760290.0,2269729539.0,0.02277334022042703
2023-02-02,6.04,6.1,5.97,5.99,46372266.0,279472559.0,2269729539.0,0.020430745251009397
2023-02-03,6.0,6.06,5.92,6.04,35859314.0,214980210.0,2269729539.0,0.015798937002775643
2023-02-06,6.05,6.14,5.99,6.1,42512311.0,257759736.0,2269729539.0,0.018730121924011318
2023-02-07,6.06,6.17,6.0,6.13,38996130.0,237395689.0,2269729539.0,0.017180958933627376
2023-02-08,6.13,6.55,6.08,6.24,104692323.0,658288404.0,2269729539.0,0.04612546173502481
2023-02-09,6.16,6.23,6.02,6.23,94400305.0,579402386.0,2269729539.0,0.04159099283767131
2023-02-10,6.23,6.45,6.21,6.21,97468075.0,614980431.0,2269729539.0,0.04294259440397581
2023-02-13,6.18,6.29,6.12,6.23,67046874.0,416082362.0,2269729539.0,0.029539587359619767
2023-02-14,6.25,6.33,6.16,6.18,48409243.0,301570866.0,2269729539.0,0.02132819887488806
2023-02-15,6.2,6.54,6.17,6.44,94664741.0,603078669.0,2269729539.0,0.04170749834877133
2023-02-16,6.33,6.46,6.19,6.24,81477328.0,516599557.0,2269729539.0,0.03589737305701074
2023-02-17,6.25,6.3,6.03,6.04,61679676.0,376855459.0,2269729539.0,0.027174901211875182
2023-02-20,6.07,6.29,6.04,6.29,60616235.0,374718635.0,2269729539.0,0.026706369176790274
2023-02-21,6.28,6.39,6.18,6.23,46225852.0,290021261.0,2269729539.0,0.020366238005769727
2023-02-22,6.14,6.26,6.09,6.23,37592300.0,232086277.0,2269729539.0,0.01656245792904579
2023-02-23,6.18,6.22,6.01,6.05,41442246.0,252816797.0,2269729539.0,0.018258671479536134
2023-02-24,6.06,6.21,6.04,6.19,50559327.0,310895319.0,2269729539.0,0.022275485308384135
2023-02-27,6.15,6.19,6.02,6.04,36599206.0,222570656.0,2269729539.0,0.01612491945455533
2023-02-28,6.16,6.3,6.07,6.2,57918622.0,358024098.0,2269729539.0,0.02551785179899357
2023-03-01,6.2,6.4,6.16,6.37,72130468.0,455874203.0,2269729539.0,0.031779322937207456
2023-03-02,6.38,6.57,6.33,6.45,94008431.0,606312737.0,2269729539.0,0.04141834054881197
2023-03-03,6.33,6.4,6.23,6.3,63640050.0,401138989.0,2269729539.0,0.028038604999624142
2023-03-06,6.3,6.35,6.22,6.26,46580539.0,292295050.0,2269729539.0,0.0205225064042311
2023-03-07,6.22,6.28,6.01,6.02,63169255.0,385916726.0,2269729539.0,0.027831181607580954
2023-03-08,6.02,6.26,6.01,6.25,58097529.0,359110430.0,2269729539.0,0.02559667484681751
2023-03-09,6.27,6.31,6.14,6.27,39990764.0,249047400.0,2269729539.0,0.01761917590305459
2023-03-10,6.2,6.32,6.19,6.24,39666897.0,248571627.0,2269729539.0,0.01747648621495074
2023-03-13,6.18,6.43,6.12,6.42,66856636.0,423064183.0,2269729539.0,0.029455772087037195
2023-03-14,6.4,6.41,6.18,6.29,47593686.0,300100156.0,2269729539.0,0.02096887985207651
2023-03-15,6.34,6.36,6.23,6.25,35233238.0,220869288.0,2269729539.0,0.015523099732632946
2023-03-16,6.2,6.38,6.11,6.27,55029560.0,345135387.0,2269729539.0,0.024244985604868582
2023-03-17,6.34,6.88,6.33,6.68,149212489.0,997276596.0,2269729539.0,0.0657402066793122
2023-03-20,6.73,6.83,6.52,6.56,91231212.0,607836537.0,2269729539.0,0.040194750269758904
2023-03-21,6.55,7.02,6.45,6.87,145602649.0,992688318.0,2269729539.0,0.0641497793010835
2023-03-22,6.81,7.04,6.72,6.97,135426543.0,935234355.0,2269729539.0,0.059666379043410774
2023-03-23,6.9,7.03,6.84,7.0,115313004.0,798827892.0,2269729539.0,0.050804733347570886
2023-03-24,6.93,7.41,6.89,7.29,180991732.0,1299763035.0,2269729539.0,0.07974154139957201
2023-03-27,7.22,7.28,6.95,7.11,140898687.0,1002801132.0,2269729539.0,0.06207730241818913
2023-03-28,7.05,7.12,6.88,7.03,95741459.0,670866539.0,2269729539.0,0.04218187997948949
2023-03-29,7.0,7.13,6.85,7.03,88986363.0,624313056.0,2269729539.0,0.03920571216569077
2023-03-30,6.99,7.23,6.87,6.89,106747876.0,750111520.0,2269729539.0,0.04703109959393272
2023-03-31,6.93,7.22,6.87,7.19,130195241.0,921639730.0,2269729539.0,0.057361566108604094
2023-04-03,7.13,7.38,7.11,7.38,138476162.0,1005968302.0,2269729539.0,0.06100998362166533
2023-04-04,7.37,7.39,7.15,7.23,114967107.0,833756971.0,2269729539.0,0.05065233765722252
2023-04-06,7.04,7.18,7.01,7.08,88693209.0,628820648.0,2269729539.0,0.039076554045763774
2023-04-07,7.12,7.75,7.02,7.61,169847611.0,1266479608.0,2269729539.0,0.07483165200151189
2023-04-10,7.75,7.91,7.2,7.26,156266844.0,1177991189.0,2269729539.0,0.06884822236082287
2023-04-11,7.2,7.48,7.19,7.3,110636700.0,811220832.0,2269729539.0,0.04874444205750807
2023-04-12,7.26,7.71,7.25,7.6,121706489.0,912876814.0,2269729539.0,0.05362158217917963
2023-04-13,7.55,7.82,7.43,7.47,119657390.0,910635427.0,2269729539.0,0.05271878783087028
2023-04-14,7.5,7.79,7.35,7.53,118175750.0,892294218.0,2269729539.0,0.05206600520873778
2023-04-17,7.53,7.53,7.08,7.12,117757041.0,846242899.0,2269729539.0,0.051881529925315036
2023-04-18,7.16,7.22,6.9,7.13,84284383.0,596251518.0,2269729539.0,0.03713410851459161
2023-04-19,7.1,7.48,7.08,7.25,102340040.0,751398867.0,2269729539.0,0.04508909023807704
2023-04-20,7.39,8.26,7.39,7.81,239872796.0,1883945988.0,2269729539.0,0.10568342698032798
2023-04-21,7.81,7.84,7.05,7.07,193122202.0,1425329920.0,2269729539.0,0.08508599755241587
2023-04-24,7.11,7.7,7.11,7.45,192818421.0,1445437307.0,2269729539.0,0.08495215737684418
2023-04-25,7.41,8.6,7.1,8.25,397122785.0,3104069252.0,2269729539.0,0.17496480447400126
2023-04-26,8.53,9.84,8.12,9.34,572190593.0,5036634984.0,2269729539.0,0.25209637675689606
2023-04-27,8.9,8.97,8.03,8.23,438824000.0,3733669425.0,2269854539.0,0.19332692578323848
2023-04-28,8.3,9.3,8.3,9.0,395887025.0,3505144951.0,2269854539.0,0.17441074667912895
2023-05-04,9.03,9.77,8.83,9.61,450475413.0,4168772868.0,2269854539.0,0.1984600357688383
2023-05-05,9.2,9.2,8.59,8.78,318738037.0,2847734415.0,2269854539.0,0.14042223037799692
2023-05-08,8.7,9.01,8.62,8.71,207668971.0,1827646319.0,2269854539.0,0.09148999084826379
2023-05-09,8.63,8.63,7.95,8.01,268666106.0,2209173236.0,2269854539.0,0.11836269742569613
2023-05-10,8.01,8.14,7.57,7.68,191900284.0,1502242918.0,2269854539.0,0.08454298753634804
2023-05-11,7.76,7.93,7.48,7.79,163665101.0,1266301093.0,2269854539.0,0.07210378382753274
2023-05-12,7.73,7.89,7.58,7.64,109977785.0,849857954.0,2269854539.0,0.04845146819339863
2023-05-15,7.61,7.69,7.16,7.53,140716885.0,1042781426.0,2269854539.0,0.06199378972627637
2023-05-16,7.49,7.51,7.24,7.27,97033486.0,713514712.0,2269854539.0,0.042748768404670005
2023-05-17,7.15,7.55,7.15,7.43,110748451.0,820996428.0,2269854539.0,0.048790990390419904
2023-05-18,7.47,7.65,7.39,7.5,128241139.0,966159001.0,2269854539.0,0.056497514178374404
2023-05-19,7.49,7.84,7.32,7.65,150155100.0,1141684779.0,2269854539.0,0.06615186013908708
2023-05-22,7.63,7.96,7.63,7.78,145358917.0,1131286995.0,2269854539.0,0.0640388687920235
2023-05-23,7.67,7.69,7.3,7.32,113975512.0,845469509.0,2269854539.0,0.050212694268159004
2023-05-24,7.29,7.47,7.26,7.31,68440221.0,503748468.0,2269854539.0,0.03015180921247571
2023-05-25,7.38,7.56,7.01,7.13,108204861.0,784272846.0,2269854539.0,0.047670394353847186
2023-05-26,7.1,7.34,7.03,7.19,82641338.0,596567443.0,2269854539.0,0.036408208799321655
2023-05-29,7.25,7.5,7.21,7.4,113528393.0,835456812.0,2269854539.0,0.05001571292317952
2023-05-30,7.3,7.6,7.21,7.6,118571070.0,881904309.0,2269854539.0,0.05223729889415614
2023-05-31,7.61,7.7,7.51,7.61,98837757.0,751007274.0,2269854539.0,0.043543652380272635
2023-06-01,7.55,7.94,7.51,7.82,143620840.0,1117606485.0,2269854539.0,0.0632731470375512
2023-06-02,7.84,8.19,7.73,8.15,191516239.0,1534392788.0,2269854539.0,0.08437379387507968
2023-06-05,8.09,8.26,7.98,8.04,144973830.0,1172146138.0,2269854539.0,0.0638692160705017
2023-06-06,8.25,8.43,7.8,7.91,194980765.0,1591027524.0,2269854539.0,0.08590011458879657
2023-06-07,7.81,8.07,7.74,7.93,117953951.0,934894172.0,2269854539.0,0.05196542288210478
2023-06-08,7.94,7.94,7.56,7.74,114652029.0,885075610.0,2269854539.0,0.05051073847688528
2023-06-09,7.82,8.26,7.75,8.19,202934585.0,1635730946.0,2269854539.0,0.08940422459379456
2023-06-12,8.18,8.43,8.16,8.24,182588346.0,1513946582.0,2269854539.0,0.08044054932279518
2023-06-13,8.16,8.62,8.06,8.4,181920546.0,1527210984.0,2269854539.0,0.08014634544826223
2023-06-14,8.39,8.55,8.22,8.46,162290543.0,1363751153.0,2269854539.0,0.07149821286411516
2023-06-15,8.43,8.53,8.22,8.26,143607831.0,1200132348.0,2269854539.0,0.06326741583329275
2023-06-16,8.22,8.34,8.05,8.25,116151441.0,956419705.0,2269854539.0,0.05117131472714164
2023-06-19,8.3,8.53,8.26,8.49,163330546.0,1374392905.0,2269854539.0,0.07195639332551962
2023-06-20,8.4,8.43,8.16,8.23,122560799.0,1014010447.0,2269854539.0,0.053995001395109224
2023-06-21,8.23,8.24,7.88,7.89,108349373.0,868797270.0,2269854539.0,0.04773406010754066
2023-06-26,7.8,7.93,7.24,7.26,123467271.0,921486478.0,2269854539.0,0.05439435385775617
2023-06-27,7.28,7.35,7.17,7.29,75287362.0,547318358.0,2269854539.0,0.03316836418652993
2023-06-28,7.27,7.27,6.83,7.05,95947803.0,670726099.0,2269854539.0,0.04227046330566648
2023-06-29,6.99,7.15,6.96,7.1,59944667.0,423346242.0,2269854539.0,0.026409034574704084
2023-06-30,7.07,7.15,6.99,7.11,61883359.0,437553339.0,2269854539.0,0.02726313864467418
2023-07-03,7.13,7.15,6.92,7.03,67913425.0,476569736.0,2269854539.0,0.029919725618153366
2023-07-04,7.01,7.08,7.0,7.04,46614840.0,328018033.0,2269854539.0,0.020536487778876126
2023-07-05,7.05,7.14,6.89,6.9,57114691.0,399125322.0,2269854539.0,0.025162269219754615
2023-07-06,6.87,7.11,6.86,6.94,53148982.0,372199228.0,2269854539.0,0.023415148894701927
2023-07-07,6.93,6.97,6.63,6.8,70359462.0,475416475.0,2269854539.0,0.030997344010862186
2023-07-10,6.84,6.87,6.76,6.78,33592674.0,228284803.0,2269854539.0,0.014799483148730528
2023-07-11,6.78,6.87,6.74,6.79,35097174.0,238983734.0,2269854539.0,0.015462300952316663
2023-07-12,6.76,6.81,6.56,6.57,58269228.0,388208624.0,2269928059.0,0.025670076974012152
2023-07-13,6.6,6.72,6.58,6.7,41220532.0,274432332.0,2269928059.0,0.01815940017859394
2023-07-14,6.73,6.88,6.72,6.84,62235360.0,423579349.0,2269928059.0,0.02741732706164147
2023-07-17,6.9,6.95,6.8,6.84,42526388.0,291532775.0,2269928059.0,0.01873468537092523
2023-07-18,6.83,6.88,6.73,6.75,35235889.0,239354309.0,2269928059.0,0.015522910014832325
2023-07-19,6.74,6.87,6.73,6.77,28374526.0,192724464.0,2269928059.0,0.01250018734624576
2023-07-20,6.77,6.83,6.65,6.67,37654497.0,253874681.0,2269928059.0,0.01658840986202374
2023-07-21,6.67,6.72,6.57,6.59,31194863.0,206971574.0,2269928059.0,0.013742665930013071
2023-07-24,6.54,6.79,6.51,6.69,31717827.0,212283439.0,2269928059.0,0.013973053848223302
2023-07-25,6.76,6.84,6.72,6.83,36109738.0,245405098.0,2269928059.0,0.01590787772186396
2023-07-26,6.83,6.84,6.7,6.73,36047180.0,243302518.0,2269928059.0,0.015880318258139122
2023-07-27,6.73,6.76,6.64,6.64,27704730.0,185428738.0,2269928059.0,0.012205113677569638
2023-07-28,6.64,6.77,6.56,6.77,33625453.0,225340231.0,2274462509.0,0.014783911744838524
2023-07-31,6.75,6.87,6.7,6.8,40904978.0,278351286.0,2274462509.0,0.017984459114247814
2023-08-01,6.8,6.87,6.73,6.84,34147669.0,232493080.0,2274462509.0,0.015013511484528057
2023-08-02,6.8,6.95,6.76,6.86,37143206.0,254763067.0,2274462509.0,0.0163305422063565
2023-08-03,6.82,6.87,6.79,6.81,28392645.0,193580501.0,2274462509.0,0.012483232802321826
2023-08-04,6.84,7.06,6.82,7.01,77584168.0,540694947.0,2274462509.0,0.03411099004402187
2023-08-07,6.96,7.02,6.93,6.97,41853316.0,291536348.0,2274462509.0,0.018401409490984053
2023-08-08,6.97,7.0,6.92,6.95,30575852.0,212775707.0,2274462509.0,0.013443111011507995
2023-08-09,6.93,7.04,6.83,6.85,39112204.0,270864395.0,2274462509.0,0.017196240362386206
2023-08-10,6.82,6.88,6.77,6.81,26339319.0,179656668.0,2274462509.0,0.011580458633974344
2023-08-11,6.81,6.85,6.61,6.61,42183400.0,283710958.0,2274462509.0,0.01854653564658955
2023-08-14,6.53,6.78,6.52,6.77,32667485.0,218251921.0,2274462509.0,0.014362727400753124
2023-08-15,6.78,6.8,6.59,6.67,26698975.0,178510119.0,2274462509.0,0.011738586542689854
2023-08-16,6.66,6.68,6.46,6.51,31610477.0,207376892.0,2274462509.0,0.013897998702954219
2023-08-17,6.49,6.57,6.38,6.56,26536403.0,172501266.0,2274462509.0,0.011667109435744056
2023-08-18,6.56,6.61,6.33,6.34,31256506.0,201618334.0,2274462509.0,0.013742370285866954
2023-08-21,6.33,6.52,6.31,6.36,29444179.0,189260671.0,2274462509.0,0.012945554777662857
2023-08-22,6.45,6.56,6.36,6.55,41594096.0,268660088.0,2274462509.0,0.018287439707365166
2023-08-23,6.5,6.56,6.38,6.46,32114620.0,207869283.0,2274462509.0,0.014119652389486804
2023-08-24,6.94,7.32,6.86,7.08,202547946.0,1433880599.0,2274462509.0,0.08905310384256591
2023-08-25,6.96,7.01,6.62,6.69,128192038.0,868893148.0,2274462509.0,0.05636146451864861
2023-08-28,7.1,7.18,6.72,6.77,102730328.0,710772140.0,2274462509.0,0.045166859244106364
2023-08-29,6.76,7.06,6.73,7.0,110138328.0,767359717.0,2274462509.0,0.04842389248632807
2023-08-30,7.0,7.08,6.91,7.0,87580529.0,612090368.0,2274462509.0,0.03850603325112887
2023-08-31,6.93,6.96,6.88,6.89,53924312.0,372565896.0,2274462509.0,0.023708595673317383
2023-09-01,6.9,6.97,6.85,6.89,38652295.0,266892958.0,2274462509.0,0.016994034787143637
2023-09-04,6.9,6.99,6.84,6.99,47904307.0,330879466.0,2274462509.0,0.021061814301376113
2023-09-05,7.0,7.01,6.83,6.85,48000492.0,331273881.0,2274462509.0,0.021104103413471565
2023-09-06,6.84,6.85,6.65,6.83,40000272.0,270666829.0,2274462509.0,0.017586692170884228
2023-09-07,6.8,6.88,6.68,6.69,38056207.0,257561756.0,2274462509.0,0.016731956165209318
2023-09-08,6.65,6.76,6.65,6.7,30471242.0,204273310.0,2274462509.0,0.01339711772756242
2023-09-11,6.76,6.95,6.7,6.91,56426030.0,386363926.0,2274462509.0,0.024808511802996706
2023-09-12,6.86,6.96,6.86,6.92,42035093.0,290215614.0,2274462509.0,0.018481330351090872
2023-09-13,6.89,6.89,6.62,6.67,49894119.0,335111407.0,2274462509.0,0.021936663630448966
2023-09-14,6.64,6.71,6.59,6.64,31995176.0,212530867.0,2274462509.0,0.014067137125099124
2023-09-15,6.67,6.7,6.51,6.52,32953245.0,216740496.0,2274462509.0,0.014488365875280294
2023-09-18,6.49,6.56,6.45,6.49,30861377.0,200691541.0,2274462509.0,0.013568646164921244
2023-09-19,6.49,6.49,6.33,6.36,31287945.0,199713882.0,2274462509.0,0.013756192892252241
2023-09-20,6.36,6.43,6.31,6.31,25529352.0,162549196.0,2274462509.0,0.011224345048107364
2023-09-21,6.3,6.41,6.26,6.32,25769954.0,163595678.0,2274462509.0,0.01133012916151787
2023-09-22,6.31,6.55,6.3,6.55,47283227.0,306367088.0,2274462509.0,0.02078874758889244
2023-09-25,6.53,6.59,6.5,6.53,29283528.0,191612184.0,2274462509.0,0.01287492226586532
2023-09-26,6.54,6.64,6.5,6.57,33645354.0,221624461.0,2274462509.0,0.01479266150436248
2023-09-27,6.59,6.65,6.51,6.61,33908113.0,224018415.0,2274462509.0,0.014908187259990576
2023-09-28,6.64,6.71,6.62,6.68,34391953.0,229779100.0,2274462509.0,0.015120914441944754
2023-10-09,6.68,6.93,6.67,6.87,67171096.0,460123733.0,2274462509.0,0.029532733880732433
2023-10-10,6.93,7.03,6.91,6.93,57735766.0,401590420.0,2274462509.0,0.025384355983684406
2023-10-11,6.92,7.03,6.85,6.97,46102251.0,321090227.0,2274462509.0,0.02026951458534681
2023-10-12,6.98,7.08,6.96,7.0,44828261.0,314028225.0,2274462509.0,0.01970938664524718
2023-10-13,6.96,7.01,6.89,6.91,37634564.0,261335675.0,2274462509.0,0.0165465747846275
2023-10-16,6.93,6.98,6.83,6.92,39334220.0,271825646.0,2274462509.0,0.0172938528748464
2023-10-17,6.95,6.98,6.85,6.94,31818025.0,220279599.0,2274462509.0,0.013989250152111433
2023-10-18,6.93,6.94,6.76,6.87,31806059.0,217818244.0,2274462509.0,0.01398398912892347
2023-10-19,6.88,7.02,6.82,6.83,39713794.0,275019214.0,2274462509.0,0.01746073801737921
2023-10-20,6.76,6.87,6.62,6.64,34421040.0,231128431.0,2274462509.0,0.015133702957862209
2023-10-23,6.6,6.65,6.39,6.42,32357670.0,210326999.0,2274462509.0,0.014226512801139339
2023-10-24,6.48,6.54,6.31,6.49,40961729.0,264393498.0,2274462509.0,0.01800941050376311
2023-10-25,6.63,7.08,6.61,6.9,103868239.0,714404582.0,2274462509.0,0.04566715810394569
2023-10-26,6.86,7.28,6.82,7.15,137664998.0,976842656.0,2274462509.0,0.060526386983853334
2023-10-27,7.14,7.15,6.94,7.05,77176765.0,542806727.0,2274462509.0,0.033931869483279316
2023-10-30,7.02,7.16,7.0,7.12,77417516.0,548824146.0,2274462509.0,0.034037719106672686
2023-10-31,7.1,7.17,6.94,7.01,60149976.0,422685883.0,2274462509.0,0.02644579796852567
2023-11-01,7.0,7.04,6.87,6.88,50718115.0,351166280.0,2274462509.0,0.022298945266984834
2023-11-02,6.88,6.98,6.76,6.78,48710863.0,334995151.0,2274462509.0,0.02141642819226615
2023-11-03,6.82,6.97,6.78,6.92,46181854.0,318873624.0,2274462509.0,0.020304513183778312
2023-11-06,6.96,7.11,6.96,7.1,63549656.0,449084707.0,2274462509.0,0.02794051594543122
2023-11-07,7.1,7.18,7.05,7.16,61943097.0,440674595.0,2274462509.0,0.02723416928390443
2023-11-08,7.2,7.43,7.18,7.29,117852425.0,861903974.0,2274462509.0,0.05181550565624206
2023-11-09,7.31,7.37,7.21,7.28,70038544.0,510603158.0,2274462509.0,0.03079344844017387
2023-11-10,7.23,7.28,7.15,7.17,53069549.0,381754149.0,2274462509.0,0.023332786884815607
2023-11-13,7.21,7.43,7.21,7.39,81048515.0,595642200.0,2274462509.0,0.03563413979315673
2023-11-14,7.41,7.53,7.38,7.47,80169465.0,597245883.0,2274462509.0,0.03524765287744736
2023-11-15,7.55,7.59,7.35,7.38,65551361.0,486521859.0,2274462509.0,0.02882059420219707
2023-11-16,7.35,7.47,7.31,7.37,50515853.0,374213952.0,2274462509.0,0.022210017883394356
2023-11-17,7.35,7.42,7.31,7.38,39711928.0,292199092.0,2274462509.0,0.01745991760376825
2023-11-20,7.39,7.44,7.34,7.41,41444734.0,306286530.0,2274462509.0,0.018221770566014636
2023-11-21,7.45,7.52,7.3,7.33,62346606.0,462425577.0,2274462509.0,0.027411577791806106
2023-11-22,7.29,7.36,7.2,7.2,44312205.0,322297629.0,2274462509.0,0.01948249523773531
2023-11-23,7.2,7.3,7.09,7.27,39870935.0,287775100.0,2274462509.0,0.01752982730743266
2023-11-24,7.28,7.3,7.01,7.04,45139441.0,320168218.0,2274462509.0,0.019846201386650334
2023-11-27,7.01,7.13,7.0,7.07,28452146.0,201079538.0,2274462509.0,0.012509393268702148
2023-11-28,7.05,7.1,6.93,7.02,37874663.0,265559983.0,2274462509.0,0.016652137746887785
2023-11-29,7.0,7.1,6.93,6.99,33950867.0,238016218.0,2274462509.0,0.01492698466809505
2023-11-30,6.98,7.02,6.84,6.92,32553100.0,225233118.0,2274462509.0,0.014312436398132778
2023-12-01,6.92,7.18,6.9,7.15,45499424.0,321463212.0,2274462509.0,0.020004473065596703
2023-12-04,7.18,7.71,7.16,7.43,136816342.0,1022919204.0,2274462509.0,0.060153263225320545
2023-12-05,7.43,7.48,7.12,7.12,77149828.0,555804646.0,2274462509.0,0.033920026245638155
2023-12-06,7.11,7.32,6.98,7.25,69054479.0,494224508.0,2274462509.0,0.030360790176471534
2023-12-07,7.2,7.38,7.18,7.32,71034178.0,518925382.0,2274462509.0,0.031231193180331292
2023-12-08,7.29,7.76,7.27,7.59,155252818.0,1181113482.0,2274462509.0,0.06825912380866596
2023-12-11,7.5,7.73,7.43,7.68,93000214.0,704876642.0,2274462509.0,0.04088887534175662
2023-12-12,7.67,7.74,7.55,7.61,63558850.0,483991324.0,2274462509.0,0.027944558219139236
2023-12-13,7.6,7.65,7.49,7.49,51032507.0,385707064.0,2274462509.0,0.022437172210166337
2023-12-14,7.54,7.65,7.46,7.48,48486191.0,366084120.0,2274462509.0,0.0213176479313865
2023-12-15,7.48,7.52,7.34,7.41,48031133.0,356749564.0,2274462509.0,0.021117575167733837
2023-12-18,7.39,7.46,7.3,7.32,40091878.0,294976899.0,2274462509.0,0.017626968060083334
2023-12-19,7.32,7.63,7.23,7.56,76060922.0,568906984.0,2274462509.0,0.03344127313553358
2023-12-20,7.58,7.65,7.43,7.45,61369239.0,461382740.0,2274462509.0,0.02698186439968266
2023-12-21,7.38,7.57,7.29,7.56,60368909.0,450235042.0,2274462509.0,0.02654205499590409
2023-12-22,7.56,7.57,7.22,7.26,90158990.0,663409081.0,2274462509.0,0.03963969053930007
2023-12-25,7.25,7.48,7.23,7.38,41285421.0,304402333.0,2274462509.0,0.018151726325069974
2023-12-26,7.38,7.38,7.13,7.22,37571443.0,271137381.0,2274462509.0,0.01651882273342849
2023-12-27,7.24,7.72,7.22,7.59,102755902.0,774456329.0,2274462509.0,0.04517810321928679
2023-12-28,7.53,7.65,7.51,7.59,74902166.0,568142650.0,2274462509.0,0.03293180947305736
2023-12-29,7.64,8.0,7.6,7.85,119149537.0,937955614.0,2274462509.0,0.05238579951462282
2024-01-02,7.91,8.03,7.75,7.89,106571989.0,845111194.0,2274462509.0,0.04685590049442314
2024-01-03,7.85,7.99,7.8,7.97,74733850.0,590602388.0,2274462509.0,0.032857806934288754
2024-01-04,7.93,8.22,7.75,8.08,103032534.0,824954415.0,2274462509.0,0.0452997284379507
2024-01-05,8.03,8.08,7.82,7.87,65098864.0,516608164.0,2274462509.0,0.028621647418853983
2024-01-08,7.84,8.28,7.79,8.03,99259673.0,803989436.0,2274462509.0,0.04364093609247529
2024-01-09,8.0,8.23,7.9,7.96,96017752.0,775918562.0,2274462509.0,0.04221557911816958
2024-01-10,7.9,8.19,7.85,8.03,79164932.0,637703656.0,2274462509.0,0.03480599556455472
2024-01-11,8.02,8.48,7.93,8.44,114963174.0,945762172.0,2274462509.0,0.05054520509575038
2024-01-12,8.36,8.4,8.18,8.19,65119881.0,538665556.0,2274462509.0,0.028630887843752978
2024-01-15,8.13,8.59,8.11,8.48,94440987.0,796947407.0,2274462509.0,0.041522331815230636
2024-01-16,8.46,8.64,8.31,8.6,79786834.0,677899923.0,2274462509.0,0.035079423681104956
2024-01-17,8.55,9.09,8.31,8.35,179983609.0,1578298934.0,2274462509.0,0.07913237008207814
2024-01-18,8.31,8.78,8.22,8.71,157403362.0,1328200198.0,2274462509.0,0.06920464126234582
2024-01-19,8.64,8.65,7.96,7.99,144489423.0,1180311823.0,2274462509.0,0.06352684312370875
2024-01-22,7.87,8.07,7.53,7.63,101248144.0,788274186.0,2274462509.0,0.04451519583170232
2024-01-23,7.68,8.12,7.54,7.95,80825634.0,639349659.0,2274462509.0,0.03553614697106445
2024-01-24,7.96,8.16,7.88,8.14,72889503.0,584606916.0,2274462509.0,0.032046913374732616
2024-01-25,8.14,8.19,7.94,8.06,86079844.0,693889409.0,2274462509.0,0.037846235609241254
2024-01-26,8.03,8.08,7.73,7.87,70866606.0,559704075.0,2274462509.0,0.031157517751812722
2024-01-29,7.84,7.86,7.22,7.25,88777733.0,659261407.0,2274462509.0,0.039032401127171094
2024-01-30,7.4,7.8,7.35,7.58,95316709.0,727216617.0,2274462509.0,0.04190735552810117
2024-01-31,7.59,8.01,7.4,7.76,113004931.0,877778594.0,2274462509.0,0.04968423552942371
2024-02-01,7.62,8.07,7.62,7.79,96641328.0,762289260.0,2274462509.0,0.04248974323278239
2024-02-02,7.8,8.04,7.61,7.92,108952834.0,859496033.0,2274462509.0,0.047902673079409284
2024-02-05,7.77,8.43,7.35,8.15,121436700.0,958897974.0,2274462509.0,0.053391383467292844
2024-02-06,7.93,8.54,7.93,8.49,117463826.0,971427873.0,2274462509.0,0.051644652543270386
2024-02-07,8.35,8.74,8.31,8.63,112773756.0,968717587.0,2274462509.0,0.049582596131506514
2024-02-08,8.68,9.1,8.47,8.59,140849248.0,1244327192.0,2274462509.0,0.06192638807747435
2024-02-19,8.9,9.25,8.63,9.18,135679114.0,1226035925.0,2274462509.0,0.05965326465620806
2024-02-20,9.01,9.23,8.89,8.95,88053587.0,793126180.0,2274462509.0,0.03871401997244352
2024-02-21,8.86,9.07,8.76,8.77,94709312.0,843110210.0,2274462509.0,0.04164030474243355
2024-02-22,8.9,9.18,8.85,8.94,83771741.0,752854710.0,2274462509.0,0.03683144508582445
2024-02-23,8.92,9.07,8.72,9.06,105321478.0,934693062.0,2274462509.0,0.04630609543276495
2024-02-26,8.97,9.06,8.82,8.92,76346712.0,681677204.0,2274462509.0,0.03356692479999018
2024-02-27,8.89,10.69,8.84,10.3,238349448.0,2331334177.0,2274462509.0,0.10479374667942702
2024-02-28,10.28,10.95,9.96,9.99,242847145.0,2539489110.0,2274462509.0,0.10677122354800705
2024-02-29,10.13,10.46,9.96,10.25,194955259.0,1986959489.0,2274462509.0,0.08571487031708203
2024-03-01,10.25,10.56,10.04,10.48,191754796.0,1976454908.0,2274462509.0,0.08430774094592913
2024-03-04,11.3,11.54,10.51,10.77,273485634.0,3002231527.0,2274462509.0,0.12024187381318581
2024-03-05,10.6,10.72,10.07,10.14,228945845.0,2372893934.0,2274462509.0,0.10065931801208687
2024-03-06,10.0,10.33,9.9,10.18,132553930.0,1350469536.0,2274462509.0,0.05827923277499053
2024-03-07,10.08,10.29,9.67,9.7,159476950.0,1582395594.0,2274462509.0,0.07011632390903481
2024-03-08,9.75,10.07,9.71,10.02,108300503.0,1073019563.0,2274462509.0,0.04761586641743146
2024-03-11,9.81,10.15,9.77,10.11,111736936.0,1110491844.0,2274462509.0,0.04912674337688984
2024-03-12,10.14,10.25,9.76,9.86,135377283.0,1345815912.0,2274462509.0,0.059520560336481676
2024-03-13,9.99,10.05,9.73,9.91,115565174.0,1147195398.0,2274462509.0,0.05080988301311235
2024-03-14,9.75,9.92,9.62,9.79,89244795.0,871739910.0,2274462509.0,0.03923775162125567
2024-03-15,9.77,10.12,9.71,10.1,136924759.0,1363467347.0,2274462509.0,0.06020093031131163
2024-03-18,10.15,10.23,9.92,10.19,135470884.0,1363378926.0,2274462509.0,0.05956171335598832
2024-03-19,10.09,10.09,9.91,9.92,97069528.0,969746582.0,2274462509.0,0.04267800749227474
2024-03-20,9.9,10.08,9.86,9.91,81063802.0,806378116.0,2274462509.0,0.03564086094153333
2024-03-21,9.9,10.37,9.88,10.17,144266967.0,1469379676.0,2274462509.0,0.06342903715895015
2024-03-22,10.06,10.1,9.63,9.81,139745389.0,1373647527.0,2274462509.0,0.06144106066687424
2024-03-25,9.9,9.94,9.49,9.51,99812954.0,972691364.0,2274462509.0,0.04388419400409646
2024-03-26,9.48,9.62,9.21,9.28,102995805.0,965335710.0,2274462509.0,0.045283580007341416
2024-03-27,9.27,9.32,8.87,9.05,96230948.0,873153071.0,2274462509.0,0.042309313791375404
2024-03-28,9.05,9.38,9.01,9.24,83073913.0,766219557.0,2274462509.0,0.03652463501652733
2024-03-29,9.18,9.32,9.09,9.3,58895419.0,542047347.0,2274462509.0,0.025894214025050787
2024-04-01,9.35,9.48,9.27,9.4,68479976.0,640809878.0,2274462509.0,0.030108201708766876
2024-04-02,9.35,9.38,9.11,9.18,58632855.0,539993287.0,2274462509.0,0.025778774003964028
2024-04-03,9.22,9.34,9.02,9.16,63268725.0,580744797.0,2274462509.0,0.027817000609879034
2024-04-08,9.08,9.28,8.93,9.16,61872127.0,565402866.0,2274462509.0,0.02720296630750048
2024-04-09,9.15,9.19,8.95,9.11,50644452.0,458814683.0,2274462509.0,0.022266558274581787
2024-04-10,9.11,9.19,8.81,8.88,63643337.0,569117856.0,2274462509.0,0.027981704138083024
2024-04-11,8.8,8.98,8.69,8.72,64058528.0,564860439.0,2274462509.0,0.028164248804507335
2024-04-12,8.69,8.91,8.67,8.78,60468694.0,531065075.0,2279270642.0,0.026529843751657466
2024-04-15,8.85,8.99,8.68,8.81,76227099.0,674778503.0,2279270642.0,0.03344363657187842
2024-04-16,8.8,9.21,8.76,8.96,124451266.0,1123214068.0,2279270642.0,0.05460135523475935
2024-04-17,8.96,9.35,8.89,9.35,123292455.0,1139461397.0,2279270642.0,0.054092942157941415
2024-04-18,9.25,10.25,9.13,9.9,197166509.0,1914368527.0,2279270642.0,0.08650421120108474
2024-04-19,9.8,9.99,9.51,9.61,120491285.0,1173723976.0,2279270642.0,0.052863965682579964
2024-04-22,9.38,9.59,8.82,9.27,106081773.0,973876343.0,2279270642.0,0.046541981915283234
2024-04-23,9.25,9.35,9.01,9.01,71856584.0,658859516.0,2279270642.0,0.031526130629642005
2024-04-24,9.01,9.38,9.01,9.38,87516972.0,810333161.0,2279270642.0,0.038396919780972635
2024-04-25,9.25,9.68,9.22,9.62,92848014.0,879433585.0,2279270642.0,0.040735844304355326
2024-04-26,9.7,9.7,9.14,9.46,151246077.0,1429957522.0,2279270642.0,0.06635722595333635
2024-04-29,9.53,9.81,9.44,9.65,110828189.0,1068202460.0,2279270642.0,0.04862440947458139
2024-04-30,9.68,9.9,9.41,9.46,96067425.0,924928045.0,2279270642.0,0.04214831851460315
2024-05-06,9.6,9.74,9.5,9.58,77860837.0,748252951.0,2279270642.0,0.034160417620120426
2024-05-07,9.51,9.69,9.36,9.43,80608548.0,765426194.0,2279270642.0,0.0353659396627283
2024-05-08,9.4,9.4,8.83,8.84,115877519.0,1043046017.0,2279270642.0,0.05083973656516741
2024-05-09,8.85,9.01,8.8,8.91,63358805.0,566257292.0,2279270642.0,0.027797841920345324
2024-05-10,8.94,8.99,8.67,8.82,66825879.0,586115987.0,2279270642.0,0.02931897501270935
2024-05-13,8.73,8.76,8.55,8.66,53868454.0,466131762.0,2279270642.0,0.023634075307850166
2024-05-14,8.66,8.99,8.66,8.92,68276903.0,606666143.0,2279270642.0,0.029955592697885502
2024-05-15,8.92,8.92,8.7,8.7,42464448.0,373461990.0,2279270642.0,0.018630717746944945
2024-05-16,8.79,8.89,8.72,8.76,48109369.0,423740739.0,2279270642.0,0.02110735255107103
2024-05-17,8.75,8.87,8.61,8.87,45969118.0,402428873.0,2279270642.0,0.020168345589562504
2024-05-20,8.87,8.92,8.74,8.81,49798465.0,439440349.0,2279270642.0,0.021848421193326632
2024-05-21,8.82,8.9,8.71,8.75,43888453.0,385567207.0,2279270642.0,0.019255481201428996
2024-05-22,8.7,8.74,8.6,8.73,45416802.0,394283487.0,2279270642.0,0.01992602421279289
2024-05-23,8.52,8.56,8.18,8.21,63149845.0,523148118.0,2279270642.0,0.02770616347016503
2024-05-24,8.24,8.38,8.17,8.17,41459963.0,343140903.0,2279270642.0,0.0181900131717662
2024-05-27,8.18,8.28,8.03,8.27,51399543.0,418451344.0,2279270642.0,0.02255087309635957
2024-05-28,8.23,8.3,8.14,8.18,37128204.0,304419891.0,2279270642.0,0.016289510914518242
2024-05-29,8.15,8.27,8.01,8.08,41182845.0,334591777.0,2279270642.0,0.01806843129601456
2024-05-30,8.03,8.17,7.95,8.11,38387090.0,310508928.0,2279270642.0,0.01684183058064414
2024-05-31,8.14,8.39,8.14,8.28,55562795.0,461027182.0,2279270642.0,0.02437744512483393
2024-06-03,8.29,8.39,8.18,8.29,49165181.0,406873479.0,2279270642.0,0.021570576172059517
2024-06-04,8.3,8.6,8.23,8.6,85736697.0,726247702.0,2279270642.0,0.0376158475523417
2024-06-05,8.53,8.59,8.46,8.47,51292588.0,436392560.0,2279270642.0,0.02250394799758931
2024-06-06,8.5,8.6,8.39,8.4,53353945.0,452757090.0,2279270642.0,0.023408341254807424
2024-06-07,8.49,8.55,8.21,8.24,48892841.0,407744224.0,2279270642.0,0.02145109058093155
2024-06-11,8.2,8.6,8.15,8.55,60905321.0,513345041.0,2279270642.0,0.026721408102092337
2024-06-12,8.59,8.96,8.49,8.81,94118193.0,826571141.0,2279270642.0,0.04129311862562041
2024-06-13,8.85,9.18,8.81,9.06,140633078.0,1273269869.0,2279270642.0,0.06170091230438443
2024-06-14,9.04,9.29,8.97,8.97,169293508.0,1547392044.0,2279270642.0,0.07427529880850367
2024-06-17,8.99,9.08,8.71,8.73,101979899.0,901324050.0,2279270642.0,0.04474233867660197
2024-06-18,8.8,8.99,8.7,8.88,67483398.0,598919548.0,2279270642.0,0.029607452821304756
2024-06-19,8.97,8.97,8.68,8.69,49545062.0,433610744.0,2279270642.0,0.021737243961746252
2024-06-20,8.67,8.71,8.37,8.38,57095720.0,484929925.0,2279270642.0,0.02504999579597972
2024-06-21,8.34,8.66,8.32,8.58,42568329.0,362853771.0,2279270642.0,0.018676294168667663
2024-06-24,8.53,8.6,8.18,8.2,47261470.0,394257102.0,2279270642.0,0.02073534802279088
2024-06-25,8.21,8.27,7.91,7.96,50214351.0,404593403.0,2279270642.0,0.022030885702953744
2024-06-26,7.96,8.12,7.71,8.09,76262812.0,603411019.0,2279270642.0,0.03345930518066138
2024-06-27,8.0,8.04,7.81,7.83,54730949.0,430598668.0,2279270642.0,0.024012483639053516
2024-06-28,7.8,8.03,7.78,7.9,51465689.0,408542892.0,2279270642.0,0.02257989378340793
2024-07-01,7.86,8.05,7.79,8.01,39208521.0,310618773.0,2279484339.0,0.01720060994900303
2024-07-02,7.99,8.08,7.95,8.0,36616037.0,293385064.0,2279484339.0,0.01606329834056386
2024-07-03,7.97,8.0,7.72,7.73,57060821.0,444781049.0,2279484339.0,0.02503233736847358
2024-07-04,7.76,7.81,7.55,7.57,41623967.0,318914135.0,2279484339.0,0.018260255746376505
2024-07-05,7.6,7.7,7.54,7.66,30451489.0,232127443.0,2279484339.0,0.013358937580312105
2024-07-08,7.66,7.67,7.51,7.54,29011965.0,220017536.0,2279484339.0,0.012727424577405706
2024-07-09,7.38,7.63,7.26,7.58,74913316.0,557691731.0,2279484339.0,0.03286415033360753
2024-07-10,7.54,7.72,7.51,7.57,41434916.0,316436304.0,2279484339.0,0.018177319883749373
2024-07-11,7.71,7.77,7.63,7.69,51814045.0,398478462.0,2279484339.0,0.022730599247165962
2024-07-12,7.63,7.66,7.51,7.58,35986821.0,272501617.0,2279484339.0,0.015787263980847205
2024-07-15,7.53,7.54,7.4,7.43,28832178.0,215159920.0,2279484339.0,0.012648552791833856
2024-07-16,7.43,7.59,7.4,7.56,35431235.0,265960368.0,2279484339.0,0.015543530786240685
2024-07-17,7.56,7.64,7.49,7.5,30046016.0,226811545.0,2279484339.0,0.013181058314785816
2024-07-18,7.44,7.5,7.29,7.48,37399710.0,276435954.0,2279484339.0,0.016407092323523966
2024-07-19,7.45,7.55,7.38,7.42,35399000.0,264140339.0,2279484339.0,0.015529389430036351
2024-07-22,7.44,7.51,7.32,7.37,35133483.0,259823267.0,2279484339.0,0.01541290826126619
2024-07-23,7.37,7.4,7.13,7.13,37569293.0,272922540.0,2279484339.0,0.016481487658073356
2024-07-24,7.11,7.25,7.07,7.12,33681890.0,241847111.0,2279484339.0,0.014776100639838615
2024-07-25,7.05,7.22,7.02,7.13,27151567.0,193129061.0,2283220039.0,0.011891787272457448
2024-07-26,7.15,7.31,7.14,7.26,29101490.0,210784057.0,2283220039.0,0.012745810523258114
2024-07-29,7.26,7.32,7.22,7.26,22446977.0,163127732.0,2283220039.0,0.00983128065476829
2024-07-30,7.22,7.36,7.14,7.29,28246972.0,205192633.0,2283220039.0,0.012371550493386327
2024-07-31,7.3,7.56,7.26,7.55,46421017.0,346655275.0,2283220039.0,0.020331381210341594
2024-08-01,7.58,7.66,7.48,7.49,37866986.0,285774535.0,2283220039.0,0.016584904368912644
2024-08-02,7.43,7.5,7.26,7.29,35062044.0,258464143.0,2283220039.0,0.015356401661294284
2024-08-05,7.2,7.33,7.0,7.0,45372519.0,323947476.0,2283220039.0,0.019872162220454303
2024-08-06,7.09,7.15,6.96,7.07,34817782.0,245001548.0,2283220039.0,0.015249420294703362
2024-08-07,7.07,7.21,7.03,7.14,29906192.0,213793309.0,2283220039.0,0.013098252244272633
2024-08-08,7.11,7.16,6.98,7.11,30947839.0,219071271.0,2283220039.0,0.013554470647320732
2024-08-09,7.15,7.22,7.09,7.09,22106395.0,157801203.0,2283220039.0,0.009682113253386701
2024-08-12,7.05,7.12,6.99,7.08,24906096.0,175791232.0,2283220039.0,0.01090832051864275
2024-08-13,7.06,7.17,7.05,7.17,22641400.0,161173202.0,2283220039.0,0.00991643363900942
2024-08-14,7.17,7.2,7.11,7.11,23557771.0,168799687.0,2283220039.0,0.010317783918153496
2024-08-15,7.09,7.32,7.06,7.21,36193343.0,261178072.0,2283220039.0,0.01585188566225614
2024-08-16,7.23,7.3,7.21,7.25,25959900.0,188483800.0,2283220039.0,0.01136986341945819
2024-08-19,7.22,7.38,7.21,7.28,28970325.0,211412276.0,2283220039.0,0.012688363147289283
2024-08-20,7.26,7.31,7.03,7.05,35592297.0,252888093.0,2283220039.0,0.015588640775765371
2024-08-21,7.05,7.1,6.92,6.92,33010653.0,230693733.0,2283220039.0,0.014457937665288684
2024-08-22,6.94,7.0,6.82,6.85,30033572.0,206989106.0,2283220039.0,0.013154041873753894
2024-08-23,6.84,6.97,6.83,6.94,26902069.0,185868681.0,2283220039.0,0.011782512653393895
2024-08-26,6.94,7.03,6.84,6.98,30220792.0,210115255.0,2283220039.0,0.01323604010292238
2024-08-27,6.96,6.96,6.77,6.78,29047229.0,198518057.0,2283220039.0,0.012722045402475552
2024-08-28,6.77,6.93,6.74,6.91,27140716.0,185762165.0,2283220039.0,0.01188703477387446
2024-08-29,6.89,7.06,6.85,7.03,33339473.0,233160180.0,2283220039.0,0.014601953570187634
2024-08-30,7.04,7.3,7.02,7.19,45144749.0,325329026.0,2283220039.0,0.01977240398598306
2024-09-02,7.17,7.23,6.85,6.86,48744021.0,341070052.0,2283220039.0,0.021348805707464273
2024-09-03,6.89,6.99,6.86,6.9,34278035.0,236893492.0,2283220039.0,0.01501302301770837
2024-09-04,6.85,6.93,6.81,6.85,23487214.0,161178501.0,2283220039.0,0.0102868815089267
2024-09-05,6.88,7.03,6.86,6.96,28464641.0,197808588.0,2283220039.0,0.012466884712726542
2024-09-06,6.95,6.99,6.8,6.81,25613950.0,176207211.0,2283220039.0,0.011218344952516423
2024-09-09,6.79,6.81,6.69,6.78,28956500.0,194910548.0,2283220039.0,0.01268230810232478
2024-09-10,6.77,6.94,6.65,6.88,38612207.0,261813532.0,2283220039.0,0.016911294724318945
2024-09-11,6.85,6.86,6.77,6.83,23521431.0,160293451.0,2283220039.0,0.010301867799961088
2024-09-12,6.84,6.93,6.68,6.68,35338397.0,239841712.0,2283220039.0,0.015477438177827766
2024-09-13,6.73,6.75,6.52,6.53,44549320.0,294859308.0,2283220039.0,0.019511619221558522
2024-09-18,6.52,6.58,6.37,6.55,32465049.0,210266840.0,2283220039.0,0.014218975151522836
2024-09-19,6.63,6.75,6.49,6.71,35010925.0,233455057.0,2283220039.0,0.015334012667186476
2024-09-20,6.71,6.79,6.69,6.75,28028520.0,188877531.0,2283220039.0,0.012275873337322264
2024-09-23,6.76,6.86,6.72,6.77,26791425.0,182023866.0,2283220039.0,0.011734053022648686
2024-09-24,6.81,7.04,6.73,7.03,56375041.0,390192242.0,2283220039.0,0.024691024096254437
2024-09-25,7.1,7.29,7.08,7.1,63036755.0,452885242.0,2283220039.0,0.027608707843861036
2024-09-26,7.08,7.3,7.05,7.3,55094055.0,396220250.0,2283220039.0,0.024129980491994097
2024-09-27,7.39,8.3,7.34,7.99,164723481.0,1285655308.0,2283220039.0,0.07214525021081422
2024-09-30,8.25,9.38,8.15,9.35,268938636.0,2363121140.0,2282470039.0,0.1178278932054801
2024-10-08,11.21,11.21,9.9,10.99,315277921.0,3343774801.0,2282470039.0,0.1381301465574243
2024-10-09,10.38,10.4,9.3,9.32,259208372.0,2564571320.0,2282470039.0,0.11356485192399934
2024-10-10,9.54,9.78,9.11,9.18,140723950.0,1324387510.0,2282470039.0,0.061654237556456264
2024-10-11,9.19,9.19,8.53,8.7,111181138.0,980990346.0,2282470039.0,0.04871088605776875
2024-10-14,8.71,9.04,8.51,8.97,104094257.0,916025481.0,2282470039.0,0.04560596863107389
2024-10-15,8.92,9.17,8.74,8.76,104789892.0,939928809.0,2282470039.0,0.04591074152540059
2024-10-16,8.6,8.89,8.56,8.74,69280245.0,605612571.0,2282470039.0,0.030353189227558575
2024-10-17,8.85,9.06,8.78,8.79,95912168.0,856994206.0,2282470039.0,0.04202121664739188
2024-10-18,8.74,9.47,8.71,9.14,142769614.0,1294316673.0,2282470039.0,0.06255048765614925
2024-10-21,9.2,9.61,9.16,9.43,143600565.0,1352048100.0,2282470039.0,0.06291454544696436
2024-10-22,9.52,9.53,9.22,9.31,102679060.0,957815288.0,2282470039.0,0.044985939900874204
2024-10-23,9.29,9.59,9.22,9.35,112705989.0,1063994369.0,2282470039.0,0.049378956601497805
2024-10-24,9.25,9.28,9.1,9.19,69502826.0,637918101.0,2282470039.0,0.030450706827438008
2024-10-25,9.21,9.43,9.19,9.3,77617108.0,721178865.0,2282470039.0,0.03400575108271991
2024-10-28,9.31,9.39,9.14,9.37,91525151.0,849878294.0,2282470039.0,0.04009916863579036
2024-10-29,9.43,9.53,9.24,9.27,106334314.0,996549973.0,2282470039.0,0.046587386551889806
2024-10-30,9.23,9.35,9.13,9.28,81547882.0,753711307.0,2282470039.0,0.03572790906632357
2024-10-31,9.29,9.75,9.14,9.64,166384024.0,1584087093.0,2282470039.0,0.07289647669280973
2024-11-01,9.6,9.61,8.9,8.91,155402951.0,1428038996.0,2282470039.0,0.06808542865609112
2024-11-04,8.91,9.24,8.91,9.19,76255345.0,696888450.0,2282470039.0,0.03340913295554545
2024-11-05,9.17,9.57,9.16,9.52,120065794.0,1133075486.0,2282470039.0,0.05260344799645363
2024-11-06,9.56,9.66,9.4,9.49,126766926.0,1208836862.0,2282470039.0,0.055539360356966334
2024-11-07,9.06,9.46,9.06,9.45,142510873.0,1313575351.0,2282470039.0,0.062437127570111335
2024-11-08,9.59,9.83,9.48,9.53,155601849.0,1499935322.0,2282470039.0,0.06817257021615608
2024-11-11,9.58,10.18,9.55,10.12,230903488.0,2304423528.0,2282470039.0,0.10116386373297757
2024-11-12,10.1,10.58,9.93,10.32,270012097.0,2766368946.0,2282470039.0,0.11829819992655773
2024-11-13,10.29,10.29,9.9,10.15,151805409.0,1529422269.0,2282470039.0,0.06650926689338243
2024-11-14,10.11,10.15,9.67,9.69,119620410.0,1178237617.0,2282470039.0,0.05240831553364368
2024-11-15,9.74,9.98,9.5,9.51,107760092.0,1051879169.0,2282470039.0,0.047212051049402626
2024-11-18,9.5,9.61,8.84,8.98,123496222.0,1123728724.0,2282470039.0,0.054106393464032676
2024-11-19,8.98,9.18,8.86,9.17,74386541.0,671042051.0,2282470039.0,0.03259036908654905
2024-11-20,9.15,9.6,9.1,9.47,103228215.0,966818152.0,2282470039.0,0.04522653670635981
2024-11-21,9.41,9.67,9.32,9.46,94686002.0,898906980.0,2282470039.0,0.04148400652894616
2024-11-22,9.39,9.68,9.01,9.05,110587982.0,1039424382.0,2282470039.0,0.04845101145268527
2024-11-25,9.1,9.13,8.81,9.02,72558111.0,648307385.0,2282470039.0,0.03178929394919431
2024-11-26,9.01,9.55,8.86,9.22,126012004.0,1159410192.0,2282470039.0,0.05520861253241625
2024-11-27,9.05,9.52,8.86,9.5,123745781.0,1136403105.0,2282470039.0,0.05421573071522802
2024-11-28,9.52,9.78,9.35,9.4,114280487.0,1092891753.0,2282470039.0,0.05006877858079959
2024-11-29,9.38,9.69,9.25,9.55,132421772.0,1257284316.0,2282470039.0,0.058016871957722115
2024-12-02,9.59,9.99,9.51,9.74,139980835.0,1361769703.0,2282470039.0,0.06132866263660953
2024-12-03,9.7,9.7,9.43,9.56,109119152.0,1042115251.0,2282470039.0,0.047807484933211866
2024-12-04,9.54,9.56,9.2,9.25,92841979.0,870627750.0,2282470039.0,0.040676099757557434
2024-12-05,9.24,9.5,9.21,9.42,76151352.0,717184157.0,2282470039.0,0.03336357134981871
2024-12-06,9.41,9.7,9.31,9.58,116721001.0,1113240672.0,2285886484.0,0.05106159112317495
2024-12-09,9.58,9.68,9.33,9.5,88729224.0,840925712.0,2285886484.0,0.03881611122033302
2024-12-10,9.87,9.89,9.57,9.6,143143991.0,1392582214.0,2285886484.0,0.06262077841657163
2024-12-11,9.6,9.85,9.55,9.81,120800356.0,1178090955.0,2285886484.0,0.05284617449096392
2024-12-12,9.84,9.99,9.66,9.81,118521877.0,1163463355.0,2285886484.0,0.05184941502108291
2024-12-13,9.73,10.25,9.62,10.05,240092446.0,2400580957.0,2285886484.0,0.10503253231537109
2024-12-16,10.13,10.45,9.92,10.23,222304859.0,2268661040.0,2285886484.0,0.09725104923451658
2024-12-17,10.06,10.1,9.56,9.59,142430024.0,1393009110.0,2285886484.0,0.062308441384528526
2024-12-18,9.59,10.68,9.42,10.35,244535916.0,2499126335.0,2285886484.0,0.1069764039953963
2024-12-19,10.15,11.18,10.1,10.98,397433214.0,4264793763.0,2285886484.0,0.17386393278136203
2024-12-20,10.75,10.9,10.61,10.74,253616558.0,2721411750.0,2285886484.0,0.11094888559654303
2024-12-23,10.75,10.94,10.17,10.18,190193105.0,1988112543.0,2286427737.0,0.08318351895500994
2024-12-24,10.25,10.34,9.98,10.12,134691302.0,1363557809.0,2286443737.0,0.058908644818317694
2024-12-25,10.06,10.34,9.71,10.21,164890285.0,1658713793.0,2286443737.0,0.07211648479763139
2024-12-26,10.07,10.66,10.06,10.49,175450325.0,1836093168.0,2286443737.0,0.07673502835902059
2024-12-27,10.5,10.69,10.11,10.17,174351379.0,1810457334.0,2286443737.0,0.07625439287159683
2024-12-30,10.42,10.92,10.42,10.61,243923590.0,2600865235.0,2286443737.0,0.10668252450421001
2024-12-31,10.65,11.11,10.42,10.57,287412947.0,3089102918.0,2286466649.0,0.12570178844537347
2025-01-02,10.5,10.5,9.65,9.83,214506103.0,2152317385.0,2286466649.0,0.09381553983908558
2025-01-03,9.77,9.82,9.0,9.04,176297311.0,1635841537.0,2286466649.0,0.07710469386339167
2025-01-06,8.95,9.14,8.76,8.9,95312514.0,850660268.0,2286466649.0,0.04168550371888674
2025-01-07,9.05,9.39,9.04,9.35,133463558.0,1234391781.0,2286466649.0,0.0583710932579625
2025-01-08,9.22,9.57,8.82,9.32,158487771.0,1452372500.0,2286466649.0,0.06931558396852873
2025-01-09,9.22,9.53,9.19,9.22,112703469.0,1053296875.0,2286466649.0,0.049291542935599585
2025-01-10,9.25,9.3,8.71,8.72,114068110.0,1026672440.0,2286466649.0,0.04988837691985946
2025-01-13,8.67,9.04,8.62,8.85,86661634.0,768938318.0,2286466649.0,0.03790198909653985
2025-01-14,8.95,9.51,8.81,9.49,147792787.0,1368956061.0,2286466649.0,0.06463806811467732
2025-01-15,9.48,9.66,9.39,9.43,91705295.0,870270773.0,2286466649.0,0.04010786470036983
2025-01-16,9.55,9.71,9.27,9.33,111968463.0,1057066011.0,2286466649.0,0.04897008362180576
2025-01-17,9.35,9.68,9.29,9.47,128577799.0,1223189201.0,2286466649.0,0.056234277047615924
2025-01-20,9.55,9.68,9.38,9.46,107877591.0,1026952803.0,2286466649.0,0.04718091604230524
2025-01-21,9.5,9.6,9.32,9.49,85025192.0,804001552.0,2286466649.0,0.037186281303156675
2025-01-22,9.41,9.84,9.37,9.73,162819827.0,1574879913.0,2286466649.0,0.07121023482726513
2025-01-23,9.92,10.58,9.8,10.12,254143471.0,2610154183.0,2286466649.0,0.11115118215747917
2025-01-24,10.07,11.88,10.07,11.37,392298694.0,4319546700.0,2286466649.0,0.17157420344249247
2025-01-27,11.3,11.37,10.39,10.41,273530411.0,2916904571.0,2286466649.0,0.11963017747039091
2025-02-05,10.95,12.33,10.72,12.2,449366617.0,5176609228.0,2286466649.0,0.19653320427679677
2025-02-06,11.88,13.58,11.85,13.05,493022721.0,6220204660.0,2286466649.0,0.21562646505936417
2025-02-07,13.0,14.47,12.78,13.34,530669010.0,7150472159.0,2286466649.0,0.23209129695029285
2025-02-10,13.8,14.06,13.2,13.48,428624983.0,5813467376.0,2286466649.0,0.18746172536015854
2025-02-11,13.47,14.39,13.4,13.74,408721813.0,5662215164.0,2286466649.0,0.1787569537385367
2025-02-12,13.56,14.38,13.47,13.94,346262124.0,4845538260.0,2286466649.0,0.1514398314759762
2025-02-13,13.79,13.9,13.05,13.32,330864734.0,4435600318.0,2286466649.0,0.14470568995384459
2025-02-14,13.36,14.35,13.08,13.87,339816498.0,4675095822.0,2286466649.0,0.14862079801103628
2025-02-17,14.38,15.09,13.79,13.98,353475309.0,5036828890.0,2286466649.0,0.15459456150589143
2025-02-18,13.66,14.01,13.07,13.17,275724492.0,3719500434.0,2286466649.0,0.12058977204875906
2025-02-19,13.26,13.49,13.18,13.35,184811799.0,2463047459.0,2286466649.0,0.08082855662068308
2025-02-20,13.2,13.63,12.96,13.41,226453615.0,3025592648.0,2286466649.0,0.09904085637944506
2025-02-21,13.66,15.92,13.52,15.6,477209259.0,6994394185.0,2286466649.0,0.20871035193481188
2025-02-24,15.03,15.14,14.43,14.7,337888442.0,4979078846.0,2286466649.0,0.14777755107330237
2025-02-25,14.02,14.53,13.88,14.12,233245725.0,3307047393.0,2286466649.0,0.10201142671466974
2025-02-26,14.15,14.26,13.69,14.17,201225567.0,2815672989.0,2286466649.0,0.08800721720039399
2025-02-27,14.17,14.2,13.28,13.56,220342531.0,3002560272.0,2287416018.0,0.09632814025349716
2025-02-28,13.5,13.91,12.76,12.86,187204006.0,2493450737.0,2287416018.0,0.08184082148890504
2025-03-03,12.87,13.3,12.47,12.92,140973301.0,1818115553.0,2287416018.0,0.0616299352153964
2025-03-04,12.68,13.19,12.63,12.95,107210124.0,1394022683.0,2287416018.0,0.04686953451245789
2025-03-05,13.0,13.27,12.78,13.19,141967128.0,1855588124.0,2287416018.0,0.06206441105721067
2025-03-06,13.47,13.92,13.35,13.68,217442998.0,2961508991.0,2287416018.0,0.09506053830562972
2025-03-07,13.55,14.3,13.4,13.77,222531389.0,3073154350.0,2287416018.0,0.09728505319927334
2025-03-10,13.58,13.58,12.97,13.04,162240506.0,2128646883.0,2287416018.0,0.07092741535571427
2025-03-11,12.8,13.3,12.71,13.24,108753400.0,1425238458.0,2287416018.0,0.04754421545718143
2025-03-12,13.41,14.0,13.27,13.68,207290465.0,2849484331.0,2287416018.0,0.09062210956328103
2025-03-13,13.53,13.64,13.01,13.14,143005679.0,1889952765.0,2287416018.0,0.06251843909226311
2025-03-14,13.04,13.57,12.88,13.43,128382286.0,1705487930.0,2287416018.0,0.05612546427485934
2025-03-17,13.43,13.5,13.14,13.33,90001435.0,1194717884.0,2287416018.0,0.03934633415686783
2025-03-18,13.42,13.98,13.31,13.49,166710964.0,2282739345.0,2287416018.0,0.07288178568661226
2025-03-19,13.39,13.88,13.1,13.22,120518055.0,1610217012.0,2287416018.0,0.052687422861266334
2025-03-20,13.12,13.33,12.93,12.94,99621276.0,1302861125.0,2287416018.0,0.04355188352974103
2025-03-21,12.81,12.86,12.36,12.37,123374199.0,1549448426.0,2287416018.0,0.05393605624387999
2025-03-24,12.42,12.52,12.1,12.48,111654008.0,1369667600.0,2287416018.0,0.04881228736765802
2025-03-25,12.4,12.46,11.88,11.95,93100978.0,1124692441.0,2287416018.0,0.04070137538050588
2025-03-26,11.95,12.14,11.93,12.0,58721384.0,705968195.0,2287416018.0,0.025671492871394242
2025-03-27,12.03,12.21,11.95,11.99,70611756.0,852881882.0,2287416018.0,0.03086966054462595
2025-03-28,11.95,12.18,11.89,11.89,60739390.0,730004165.0,2287956919.0,0.026547436053362156
2025-03-31,11.69,12.07,11.49,12.03,89959185.0,1056900286.0,2292424419.0,0.03924194152461608
2025-04-01,12.05,12.14,11.9,11.91,60203770.0,722153919.0,2292424419.0,0.026262052306292416
2025-04-02,11.9,12.1,11.83,12.07,59034678.0,710014941.0,2292424419.0,0.025752071697854307
2025-04-03,11.94,12.12,11.68,11.83,62896367.0,747534430.0,2292424419.0,0.02743661534866943
2025-04-07,10.72,11.14,9.46,9.46,169276389.0,1700749905.0,2292424419.0,0.07384164450396216
2025-04-08,9.66,10.07,9.56,9.82,145386789.0,1427624536.0,2292424419.0,0.06342053757367518
2025-04-09,9.63,10.32,9.05,10.23,148049097.0,1456490005.0,2292424419.0,0.0645818879667064
2025-04-10,10.58,10.92,10.38,10.4,128361246.0,1364012819.0,2292424419.0,0.05599366545571595
2025-04-11,10.27,10.68,10.24,10.5,82847427.0,870196977.0,2292424419.0,0.03613965473118615
2025-04-14,10.7,10.86,10.57,10.64,77945221.0,833656493.0,2292424419.0,0.034001217381029826
2025-04-15,10.8,10.94,10.63,10.75,80615654.0,868168559.0,2292424419.0,0.03516611205666973
2025-04-16,10.71,10.99,10.65,10.8,108129137.0,1169349195.0,2292424419.0,0.047168027047612776
2025-04-17,10.71,10.95,10.68,10.68,75645497.0,818407725.0,2292424419.0,0.03299803316220041
2025-04-18,10.66,10.87,10.62,10.78,55742630.0,598854526.0,2292424419.0,0.024316016501131153
2025-04-21,10.79,11.24,10.7,11.22,91299587.0,1010164799.0,2292424419.0,0.03982665087812433
2025-04-22,11.11,11.17,10.99,11.03,66062360.0,730488498.0,2292424419.0,0.028817682909178608
2025-04-23,11.13,11.29,11.06,11.17,84318230.0,942437290.0,2292424419.0,0.03678124753041204
2025-04-24,11.16,11.19,10.93,10.97,68486445.0,756050531.0,2292424419.0,0.0298751158085618
2025-04-25,11.1,11.33,11.08,11.14,76075474.0,852912590.0,2292424419.0,0.03318559747029112
2025-04-28,11.15,11.28,11.1,11.11,60667677.0,677729529.0,2292424419.0,0.026464417538557026
2025-04-29,11.05,11.35,10.97,11.28,75958030.0,853568499.0,2292424419.0,0.033134366119313266
2025-04-30,11.42,11.75,11.28,11.65,100579814.0,1166866863.0,2292424419.0,0.04387486591330015
2025-05-06,11.8,12.08,11.72,11.98,104146957.0,1243237180.0,2292424419.0,0.04543092288531411
2025-05-07,12.17,12.23,11.81,11.93,97983175.0,1172203889.0,2292424419.0,0.04274216161191572
2025-05-08,11.87,11.99,11.84,11.91,60188008.0,717454639.0,2292424419.0,0.026255176616141254
2025-05-09,11.88,11.88,11.51,11.63,72647906.0,845925596.0,2292424419.0,0.031690425820752
2025-05-12,11.76,11.8,11.64,11.73,52032310.0,609474252.0,2292424419.0,0.02269750294437079
2025-05-13,11.88,11.89,11.6,11.63,55739072.0,655029380.0,2292424419.0,0.024314464432513096
2025-05-14,11.61,11.8,11.54,11.7,60635442.0,708085734.0,2292424419.0,0.02645035600626273
2025-05-15,11.65,11.7,11.28,11.3,55478335.0,632605308.0,2292424419.0,0.024200725895338667
2025-05-16,11.27,11.39,11.2,11.26,38831799.0,439307591.0,2292424419.0,0.01693918398275446
2025-05-19,11.26,11.39,11.12,11.33,41507033.0,467564322.0,2292424419.0,0.01810617294772413
2025-05-20,11.29,11.39,11.18,11.37,41289081.0,466608336.0,2292424419.0,0.018011098057492816
2025-05-21,11.41,11.45,11.22,11.25,39818085.0,448985513.0,2292424419.0,0.01736942106792311
2025-05-22,11.21,11.32,11.13,11.17,39593521.0,444059247.0,2292424419.0,0.017271461895032276
2025-05-23,10.76,10.76,10.4,10.41,84859546.0,896695878.0,2292424419.0,0.037017380070055866
2025-05-26,10.45,10.62,10.44,10.62,43328696.0,457428241.0,2292424419.0,0.018900817684929745
2025-05-27,10.61,10.63,10.49,10.53,29458159.0,310447988.0,2292424419.0,0.012850220384953943
2025-05-28,10.56,10.64,10.38,10.43,31448597.0,328681722.0,2292424419.0,0.013718488051055786
2025-05-29,10.46,10.7,10.41,10.63,42814138.0,453995152.0,2292424419.0,0.018676357503937407
2025-05-30,10.6,10.63,10.4,10.42,37938970.0,396550621.0,2292424419.0,0.016549714653864015
2025-06-03,10.35,10.54,10.3,10.36,34730841.0,362748386.0,2292424419.0,0.015150266552801016
2025-06-04,10.4,10.56,10.32,10.47,35297973.0,369961236.0,2292424419.0,0.015397660532423425
2025-06-05,10.51,10.82,10.46,10.75,63050094.0,670952189.0,2292424419.0,0.02750367404806466
2025-06-06,10.74,10.9,10.66,10.78,52322901.0,563722391.0,2292424419.0,0.022824264375452895
2025-06-09,10.85,10.88,10.71,10.76,50007087.0,539242232.0,2292424419.0,0.02181406138650977
2025-06-10,10.78,10.83,10.31,10.46,64684203.0,679116998.0,2292424419.0,0.02821650409229915
2025-06-11,10.46,10.56,10.4,10.49,41462170.0,435003879.0,2292424419.0,0.018086602836871978
2025-06-12,10.44,10.6,10.36,10.48,36843064.0,387314817.0,2292424419.0,0.0160716591982874
2025-06-13,10.41,10.45,10.2,10.24,54103482.0,555947555.0,2292424419.0,0.023600988347350176
2025-06-16,10.2,10.35,10.17,10.28,39227343.0,403718672.0,2292424419.0,0.017111727948314094
2025-06-17,10.3,10.33,10.17,10.21,34097445.0,348689939.0,2292424419.0,0.014873966930990017
2025-06-18,10.2,10.27,10.12,10.2,33972600.0,346346594.0,2292424419.0,0.014819507120247615
2025-06-19,10.17,10.27,9.98,10.0,43072378.0,435219886.0,2292424419.0,0.018789006801275047
2025-06-20,9.99,10.08,9.87,9.89,38618331.0,383954377.0,2292424419.0,0.01684606510030375
2025-06-23,9.81,10.07,9.8,10.03,42015393.0,418056724.0,2292424419.0,0.018327929440887708
2025-06-24,10.12,10.43,10.05,10.41,70881739.0,731747758.0,2292424419.0,0.030919989515257384
2025-06-25,10.42,10.75,10.38,10.66,80785927.0,856277646.0,2292424419.0,0.035240388442224144
2025-06-26,10.47,10.7,10.41,10.53,74228415.0,784246989.0,2292424419.0,0.032379874505254085
2025-06-27,10.53,10.7,10.38,10.54,60406995.0,638248096.0,2292424419.0,0.026350702993449486
2025-06-30,10.55,10.78,10.53,10.72,61420017.0,656702517.0,2292424419.0,0.02679260284044287
2025-07-01,10.67,10.7,10.46,10.55,51933188.0,547794165.0,2292424419.0,0.022654264005202956
2025-07-02,10.49,10.52,10.29,10.39,48040700.0,498999477.0,2292424419.0,0.020956285233149054
2025-07-03,10.4,10.53,10.38,10.49,36464800.0,381941063.0,2292424419.0,0.01590665310392508
2025-07-04,10.48,10.7,10.43,10.53,68554985.0,726538008.0,2292424419.0,0.02990501428610022
2025-07-07,10.46,10.52,10.33,10.38,48540886.0,505528272.0,2292424419.0,0.02117447606895344
2025-07-08,10.35,10.65,10.31,10.64,57160565.0,602532239.0,2292424419.0,0.024934547253223967
2025-07-09,10.64,10.66,10.53,10.55,38948848.0,412431062.0,2292424419.0,0.016990243027070112
2025-07-10,10.55,10.62,10.45,10.55,38168815.0,402157987.0,2292424419.0,0.016649977501395654
2025-07-11,10.36,10.39,10.02,10.28,120919955.0,1233590085.0,2292424419.0,0.05274762997540727
2025-07-14,10.29,10.38,10.25,10.31,52056621.0,536646389.0,2292424419.0,0.022708107874155392
2025-07-15,10.3,10.62,10.28,10.62,98992360.0,1039161363.0,2292424419.0,0.04318238768507901
2025-07-16,10.7,10.85,10.56,10.62,82307410.0,880736248.0,2292424419.0,0.03590408884054031
2025-07-17,10.61,10.75,10.53,10.75,61855283.0,660305021.0,2292424419.0,0.026982474312929574
2025-07-18,10.78,10.89,10.71,10.77,64903234.0,700066965.0,2292424419.0,0.028312049663260893
2025-07-21,10.72,10.79,10.63,10.7,61622968.0,659262777.0,2292424419.0,0.026881134003484894
2025-07-22,10.68,10.69,10.55,10.6,54638546.0,579974506.0,2292424419.0,0.023834393643317756
2025-07-23,10.56,10.82,10.54,10.68,73623397.0,785751864.0,2292424419.0,0.03211595391751932
2025-07-24,10.62,10.82,10.61,10.82,61115343.0,656063899.0,2292424419.0,0.026659698131578837
2025-07-25,10.9,11.06,10.78,10.99,101072840.0,1105183582.0,2292424419.0,0.04408993341821491
2025-07-28,11.0,11.02,10.78,10.93,78945071.0,861057612.0,2292424419.0,0.03443737134611285
2025-07-29,10.88,10.93,10.71,10.93,68449107.0,740176878.0,2292424419.0,0.029858828248679546
2025-07-30,10.89,10.89,10.61,10.71,62862572.0,676336025.0,2292424419.0,0.027421873314114265
2025-07-31,10.71,11.19,10.68,10.93,164145281.0,1806490918.0,2292424419.0,0.07160335566116652
2025-08-01,11.27,11.34,10.83,11.09,130932705.0,1448548750.0,2292424419.0,0.05711538575265892
2025-08-04,10.96,11.08,10.92,11.08,77911224.0,856995621.0,2292424419.0,0.03398638723015627
2025-08-05,11.07,11.17,10.95,11.09,85910883.0,947406994.0,2292424419.0,0.037475993663283344
2025-08-06,11.08,11.32,11.0,11.32,105629778.0,1188929619.0,2292424419.0,0.04607775816926508
2025-08-07,11.29,11.37,11.14,11.17,81855381.0,918471449.0,2292424419.0,0.03570690502228505
2025-08-08,11.13,11.13,10.92,10.94,84174954.0,924688473.0,2292424419.0,0.036718747759945235
2025-08-11,10.95,11.34,10.94,11.25,91637498.0,1024898610.0,2292424419.0,0.03997405421111944
2025-08-12,11.26,11.55,11.15,11.48,119365924.0,1361690720.0,2292424419.0,0.052069731508125244
2025-08-13,11.56,11.9,11.48,11.84,184540586.0,2169964823.0,2292424419.0,0.0805001833301445
2025-08-14,11.84,11.85,11.49,11.54,129275538.0,1506660980.0,2292424419.0,0.05639249736154551
2025-08-15,11.58,12.2,11.58,12.2,216564801.0,2604177527.0,2292424419.0,0.09446976711863407
2025-08-18,12.4,12.77,12.31,12.42,276812931.0,3473333254.0,2292424419.0,0.12075117011742144
2025-08-19,12.36,12.64,12.2,12.26,170188977.0,2102466818.0,2292424419.0,0.07423973309193754
2025-08-20,12.13,12.25,11.87,12.24,152897415.0,1843901094.0,2292424419.0,0.06669681832594368
2025-08-21,12.3,12.34,11.93,12.04,116652628.0,1412351788.0,2292424419.0,0.050886139160429174
2025-08-22,12.04,12.58,12.0,12.57,201848438.0,2493158368.0,2292424419.0,0.08805020411013166
2025-08-25,12.81,12.82,12.31,12.47,203755874.0,2546675289.0,2292424419.0,0.08888226469376131
2025-08-26,12.42,12.59,12.32,12.35,116582411.0,1451044106.0,2292424419.0,0.05085550914296032
2025-08-27,12.49,12.8,12.18,12.19,217963401.0,2734182682.0,2292424419.0,0.09507986356866668
2025-08-28,12.2,12.42,11.86,12.37,175974064.0,2144258426.0,2292424419.0,0.07676330026041307
2025-08-29,12.33,12.36,12.03,12.16,113165684.0,1374251008.0,2292424419.0,0.04936506654791484
2025-09-01,12.22,12.53,12.0,12.06,122615320.0,1494611551.0,2292424419.0,0.053487181075085204
2025-09-02,12.03,12.04,11.28,11.39,159989078.0,1841661964.0,2292424419.0,0.06979033929057096
2025-09-03,11.39,11.51,11.08,11.11,99703146.0,1125254771.0,2292424419.0,0.043492446326100664
2025-09-04,11.16,11.31,10.67,10.83,111249561.0,1225311853.0,2292424419.0,0.04852921652637482
2025-09-05,10.87,11.24,10.73,11.19,89156592.0,980478701.0,2292424419.0,0.03889183488932291
2025-09-08,11.12,11.22,11.05,11.19,70481909.0,785898006.0,2292424419.0,0.030745575913357952
2025-09-09,11.18,11.18,10.9,10.92,63065261.0,694387135.0,2292424419.0,0.02751029018767401
2025-09-10,11.03,11.15,10.96,11.01,56972268.0,629635511.0,2292424419.0,0.02485240844924013
2025-09-11,11.04,11.39,10.94,11.39,100974749.0,1134084740.0,2292424419.0,0.044047144221246406
2025-09-12,11.45,11.62,11.35,11.39,97946686.0,1123515614.0,2292424419.0,0.04272624440230236
2025-09-15,11.31,11.47,11.2,11.3,64733924.0,731343011.0,2292424419.0,0.028238193356986744
2025-09-16,11.31,11.52,11.28,11.45,66672457.0,761184823.0,2292424419.0,0.029083819055235775
2025-09-17,11.4,11.55,11.31,11.48,73786195.0,843103932.0,2292424419.0,0.032186969563073736
2025-09-18,11.46,11.83,11.27,11.38,132176112.0,1532015707.0,2292424419.0,0.05765778400565886
2025-09-19,11.42,11.62,11.32,11.37,83993034.0,962606897.0,2292424419.0,0.0366393907270624
2025-09-22,11.28,11.53,11.25,11.46,70980459.0,809952603.0,2292424419.0,0.030963053094227224
2025-09-23,11.48,11.5,10.92,11.23,97926843.0,1091602564.0,2292424419.0,0.042717588500787995
2025-09-24,11.12,11.59,11.08,11.58,101740265.0,1161554715.0,2306141629.0,0.044117093122384286
2025-09-25,11.58,11.9,11.5,11.76,140703787.0,1658016226.0,2306141629.0,0.06101263913310157
2025-09-26,11.67,11.67,11.28,11.3,96602704.0,1106557578.0,2306141629.0,0.04188931971272264
2025-09-29,11.3,11.57,11.16,11.5,80154289.0,912074047.0,2306141629.0,0.03475688049339662
2025-09-30,11.54,11.72,11.49,11.54,75582076.0,876803473.0,2305204129.0,0.03278758486034275
2025-10-09,11.55,11.99,11.52,11.87,125774164.0,1488624275.0,2305204129.0,0.054560965954264955
2025-10-10,11.74,11.96,11.53,11.9,119546178.0,1405107250.0,2305204129.0,0.05185925901141747
2025-10-13,11.48,12.35,11.4,12.28,183749176.0,2210856605.0,2305204129.0,0.07971058774725975
2025-10-14,12.25,12.3,11.75,11.92,148972339.0,1793558930.0,2305204129.0,0.06462435891290215
2025-10-15,11.98,12.03,11.62,11.94,92662118.0,1095660334.0,2305204129.0,0.04019692522423033
2025-10-16,11.83,11.84,11.48,11.5,89358552.0,1039882920.0,2305204129.0,0.03876383478402142
2025-10-17,11.5,11.54,10.85,10.89,103375685.0,1150455870.0,2305204129.0,0.044844481969952256
2025-10-20,11.02,11.14,10.91,10.99,56650168.0,625103985.0,2305204129.0,0.02457490305840069
2025-10-21,11.03,11.15,10.98,11.1,48465777.0,537076954.0,2305204129.0,0.02102450554824596
2025-10-22,11.04,11.07,10.92,10.94,40275304.0,442498050.0,2305204129.0,0.017471469660030266
2025-10-23,10.9,11.05,10.68,11.03,50204800.0,543044536.0,2305204129.0,0.02177889557302628
2025-10-24,11.06,11.14,11.03,11.12,53689380.0,595131443.0,2305204129.0,0.023290510078728042
2025-10-27,11.33,11.85,11.27,11.63,135699841.0,1571862582.0,2305204129.0,0.05886673518100401
2025-10-28,11.54,11.63,11.43,11.5,71261814.0,823039107.0,2305204129.0,0.03091345061528822
2025-10-29,11.56,11.63,11.46,11.62,59792926.0,691684993.0,2305204129.0,0.025938234817381764
2025-10-30,11.6,11.7,11.37,11.38,71411565.0,821246175.0,2305204129.0,0.030978412758170103
2025-10-31,11.38,11.67,11.36,11.57,75778083.0,877347134.0,2305204129.0,0.032872612905162815
2025-11-03,11.55,11.74,11.47,11.73,78424031.0,913450538.0,2305204129.0,0.034020427958378
2025-11-04,11.63,11.71,11.46,11.55,59853685.0,692981888.0,2305204129.0,0.025964592136126615
2025-11-05,11.37,11.43,11.17,11.35,71583138.0,809531030.0,2305204129.0,0.031052841307833697
2025-11-06,11.35,11.4,11.22,11.34,48747400.0,552092205.0,2305204129.0,0.021146673904816695
2025-11-07,11.29,11.42,11.18,11.24,49959003.0,563286760.0,2305204129.0,0.02167226857331384
2025-11-10,11.33,11.55,11.31,11.42,55190322.0,630466724.0,2305204129.0,0.023941620312792698
2025-11-11,11.42,11.46,11.18,11.2,54527239.0,616405328.0,2305204129.0,0.023653974202993457
2025-11-12,11.21,11.23,10.95,11.01,47159455.0,521325684.0,2305204129.0,0.020457821676927945
2025-11-13,11.01,11.25,10.95,11.24,42974153.0,477134257.0,2305204129.0,0.01864223322324268
2025-11-14,10.98,10.98,10.68,10.7,95262284.0,1030717325.0,2305204129.0,0.041324879997210864
2025-11-17,10.65,10.8,10.57,10.76,41037627.0,438727043.0,2305204129.0,0.017802166187253086
2025-11-18,10.73,10.83,10.64,10.71,35041748.0,375647808.0,2305204129.0,0.015201147507575022
2025-11-19,11.06,11.15,10.76,10.8,72653614.0,796306379.0,2305204129.0,0.031517214933810316
2025-11-20,10.81,10.86,10.52,10.52,57382502.0,610427125.0,2305204129.0,0.024892590325565914
2025-11-21,10.42,10.53,10.18,10.2,54206958.0,558421162.0,2305204129.0,0.02351503596495597
2025-11-24,10.25,10.47,10.18,10.41,40549827.0,418874111.0,2305204129.0,0.017590558029058605
2025-11-25,10.45,10.62,10.4,10.41,45182018.0,475153235.0,2305204129.0,0.019600007405678216
2025-11-26,10.41,10.56,10.37,10.4,34218227.0,357902662.0,2305204129.0,0.014843903222941
2025-11-27,10.42,10.51,10.28,10.3,36493096.0,379851894.0,2305204129.0,0.01583074381175551
2025-11-28,10.33,10.42,10.28,10.4,29327942.0,303646425.0,2305204129.0,0.012722492394945733
2025-12-01,10.39,10.53,10.32,10.47,46105234.0,481468070.0,2305204129.0,0.020000499487219166
2025-12-02,10.46,10.46,10.28,10.31,33450574.0,345674898.0,2305204129.0,0.014510894536056073
2025-12-03,10.3,10.34,10.09,10.09,40240536.0,408802418.0,2305204129.0,0.017456387264695897
2025-12-04,10.11,10.15,10.0,10.13,29778275.0,300461064.0,2305204129.0,0.01291784732873867
2025-12-05,10.12,10.3,10.05,10.26,32706793.0,333256663.0,2305204129.0,0.014188241548130595
2025-12-08,10.29,10.39,10.26,10.31,37265196.0,385138189.0,2305204129.0,0.016165681611964525
2025-12-09,10.31,10.45,10.16,10.18,45021576.0,463165338.0,2305204129.0,0.019530407495639186
2025-12-10,10.09,10.15,9.98,10.11,37999516.0,382713659.0,2305204129.0,0.016484230408039497
2025-12-11,10.11,10.15,9.95,9.95,35026861.0,351340019.0,2305204129.0,0.015194689511160424
2025-12-12,9.96,10.13,9.93,10.09,44494906.0,447156728.0,2305204129.0,0.019301937490152743
2025-12-15,10.04,10.08,9.9,9.9,35642591.0,355354185.0,2305204129.0,0.015461793839256133
2025-12-16,9.91,9.94,9.71,9.76,37681368.0,368419861.0,2305204129.0,0.016346217467667915
2025-12-17,9.75,9.93,9.66,9.91,39292550.0,384932891.0,2305204129.0,0.01704514993084155
2025-12-18,9.88,10.03,9.82,9.89,32240344.0,320329683.0,2305204129.0,0.013985895476417482
2025-12-19,9.93,10.03,9.92,9.98,30051547.0,300412940.0,2305204129.0,0.013036393012638058
2025-12-22,10.03,10.1,10.0,10.02,28345836.0,285037119.0,2305204129.0,0.012296453768845387
2025-12-23,10.04,10.1,9.95,10.04,33462983.0,335545848.0,2305204129.0,0.01451627757343827
2025-12-24,10.01,10.18,9.97,10.15,40488010.0,409621250.0,2305204129.0,0.017563741748789833
2025-12-25,10.14,10.2,10.11,10.17,31903992.0,324226882.0,2305204129.0,0.013839985621507622
2025-12-26,10.16,10.28,10.13,10.21,37844457.0,386501093.0,2305204129.0,0.016416965649118875
2025-12-29,10.21,10.25,10.11,10.13,32449876.0,329689180.0,2305204129.0,0.014076790680605276
2025-12-30,10.1,10.29,10.09,10.26,39150370.0,400746703.0,2305204129.0,0.01698347209580241
2025-12-31,10.28,10.32,10.22,10.25,35177090.0,361427689.0,2305204129.0,0.015259859010950089
2026-01-05,10.31,10.64,10.28,10.58,68222988.0,715111399.0,2305204129.0,0.02959520466831508
2026-01-06,10.57,10.72,10.52,10.69,65835324.0,701062490.0,2305204129.0,0.028559433488677392
2026-01-07,10.67,10.83,10.56,10.68,61271853.0,654519922.0,2305204129.0,0.02657979492105968
2026-01-08,10.68,10.93,10.65,10.8,65534853.0,709135009.0,2305204129.0,0.02842908884968425
2026-01-09,10.81,11.39,10.79,11.31,137088466.0,1530808937.0,2305204129.0,0.059469122181153265
2026-01-12,11.44,12.2,11.42,12.14,223112009.0,2650748024.0,2305204129.0,0.09678622651816358
2026-01-13,12.2,12.21,11.64,11.69,172174350.0,2044202389.0,2305204129.0,0.07468941593241438
2026-01-14,11.72,12.41,11.72,12.08,227659884.0,2758127877.0,2305204129.0,0.09875909952441353
2026-01-15,12.0,12.19,11.8,11.92,117738281.0,1408178358.0,2305204129.0,0.05107499137227166
2026-01-16,11.98,12.02,11.48,11.6,121766250.0,1419193871.0,2305204129.0,0.052822328603420614
2026-01-19,11.49,11.66,11.39,11.46,74753804.0,859689867.0,2305204129.0,0.032428279586861695
2026-01-20,11.57,11.6,11.15,11.26,74832638.0,845907842.0,2305204129.0,0.03246247785980779
2026-01-21,11.16,11.37,11.12,11.21,56703609.0,638061269.0,2305204129.0,0.024598085820971564
2026-01-22,11.28,11.42,11.22,11.39,59178363.0,670394429.0,2305204129.0,0.025671636735125767
2026-01-23,11.39,11.55,11.3,11.48,65991618.0,755947973.0,2305204129.0,0.028627233991909962
2026-01-26,11.66,13.78,11.66,13.78,527786118.0,6926671723.0,2305204129.0,0.22895417866050508
2026-01-27,13.79,13.8,13.12,13.54,424606515.0,5672823957.0,2305204129.0,0.18419475727045256
2026-01-28,15.58,16.25,15.21,15.59,714709430.0,11369245927.0,2305204129.0,0.31004170997647906
2026-01-29,15.32,17.76,14.67,16.8,667225381.0,10860208230.0,2305204129.0,0.28944307907753186
2026-01-30,16.62,17.27,16.08,16.56,457866594.0,7604010878.0,2305204129.0,0.19862301487314402
